{
  "current": {
    "airTemp": 25.3,
    "airHum": 40.1,
    "heatIndex": 24.93,
    "soilTemp": 22.56,
    "soilMoist": 26,
    "soilRaw": 2518,
    "light": 1349.58,
    "lightRaw": 569,
    "rssi": -60,
    "uptime": 4074,
    "timestamp": "15:39:45",
    "fullDate": "2025-12-09T15:39:45.119277"
  },
  "history": [
    {
      "airTemp": 24.4,
      "airHum": 41.8,
      "heatIndex": 23.99,
      "soilTemp": 23.19,
      "soilMoist": 26,
      "soilRaw": 2521,
      "light": 1876.99,
      "lightRaw": 465,
      "rssi": -46,
      "uptime": 2199,
      "timestamp": "15:08:31",
      "fullDate": "2025-12-09T15:08:31.102540"
    },
    {
      "airTemp": 24.3,
      "airHum": 41.8,
      "heatIndex": 23.88,
      "soilTemp": 23.19,
      "soilMoist": 26,
      "soilRaw": 2516,
      "light": 1590.35,
      "lightRaw": 515,
      "rssi": -46,
      "uptime": 2204,
      "timestamp": "15:08:35",
      "fullDate": "2025-12-09T15:08:35.439091"
    },
    {
      "airTemp": 24.3,
      "airHum": 42.3,
      "heatIndex": 23.89,
      "soilTemp": 23.19,
      "soilMoist": 26,
      "soilRaw": 2529,
      "light": 1807.48,
      "lightRaw": 476,
      "rssi": -47,
      "uptime": 2208,
      "timestamp": "15:08:39",
      "fullDate": "2025-12-09T15:08:39.121296"
    },
    {
      "airTemp": 24.2,
      "airHum": 42.5,
      "heatIndex": 23.79,
      "soilTemp": 23.19,
      "soilMoist": 26,
      "soilRaw": 2529,
      "light": 1864.05,
      "lightRaw": 467,
      "rssi": -47,
      "uptime": 2212,
      "timestamp": "15:08:42",
      "fullDate": "2025-12-09T15:08:42.598075"
    },
    {
      "airTemp": 24.1,
      "airHum": 42.3,
      "heatIndex": 23.67,
      "soilTemp": 23.19,
      "soilMoist": 26,
      "soilRaw": 2524,
      "light": 1741.85,
      "lightRaw": 487,
      "rssi": -47,
      "uptime": 2215,
      "timestamp": "15:08:46",
      "fullDate": "2025-12-09T15:08:46.271789"
    },
    {
      "airTemp": 24.1,
      "airHum": 42.5,
      "heatIndex": 23.68,
      "soilTemp": 23.19,
      "soilMoist": 26,
      "soilRaw": 2531,
      "light": 1801.36,
      "lightRaw": 477,
      "rssi": -49,
      "uptime": 2219,
      "timestamp": "15:08:50",
      "fullDate": "2025-12-09T15:08:50.109354"
    },
    {
      "airTemp": 24.0,
      "airHum": 42.3,
      "heatIndex": 23.56,
      "soilTemp": 23.19,
      "soilMoist": 26,
      "soilRaw": 2522,
      "light": 1462.49,
      "lightRaw": 542,
      "rssi": -49,
      "uptime": 2223,
      "timestamp": "15:08:53",
      "fullDate": "2025-12-09T15:08:53.858710"
    },
    {
      "airTemp": 23.9,
      "airHum": 42.4,
      "heatIndex": 23.45,
      "soilTemp": 23.19,
      "soilMoist": 26,
      "soilRaw": 2527,
      "light": 1896.67,
      "lightRaw": 462,
      "rssi": -47,
      "uptime": 2227,
      "timestamp": "15:08:57",
      "fullDate": "2025-12-09T15:08:57.882708"
    },
    {
      "airTemp": 23.9,
      "airHum": 42.8,
      "heatIndex": 23.46,
      "soilTemp": 23.19,
      "soilMoist": 26,
      "soilRaw": 2519,
      "light": 1385.71,
      "lightRaw": 560,
      "rssi": -46,
      "uptime": 2231,
      "timestamp": "15:09:02",
      "fullDate": "2025-12-09T15:09:02.673658"
    },
    {
      "airTemp": 23.8,
      "airHum": 43.8,
      "heatIndex": 23.38,
      "soilTemp": 23.19,
      "soilMoist": 26,
      "soilRaw": 2519,
      "light": 1668.89,
      "lightRaw": 500,
      "rssi": -47,
      "uptime": 2235,
      "timestamp": "15:09:06",
      "fullDate": "2025-12-09T15:09:06.296867"
    },
    {
      "airTemp": 23.7,
      "airHum": 44.6,
      "heatIndex": 23.29,
      "soilTemp": 23.19,
      "soilMoist": 26,
      "soilRaw": 2526,
      "light": 1741.85,
      "lightRaw": 487,
      "rssi": -46,
      "uptime": 2239,
      "timestamp": "15:09:10",
      "fullDate": "2025-12-09T15:09:10.593801"
    },
    {
      "airTemp": 23.7,
      "airHum": 45.2,
      "heatIndex": 23.31,
      "soilTemp": 23.19,
      "soilMoist": 26,
      "soilRaw": 2516,
      "light": 1713.22,
      "lightRaw": 492,
      "rssi": -46,
      "uptime": 2243,
      "timestamp": "15:09:14",
      "fullDate": "2025-12-09T15:09:14.513543"
    },
    {
      "airTemp": 23.6,
      "airHum": 45.9,
      "heatIndex": 23.21,
      "soilTemp": 23.12,
      "soilMoist": 26,
      "soilRaw": 2523,
      "light": 1647.38,
      "lightRaw": 504,
      "rssi": -46,
      "uptime": 2247,
      "timestamp": "15:09:18",
      "fullDate": "2025-12-09T15:09:18.123959"
    },
    {
      "airTemp": 23.6,
      "airHum": 46.3,
      "heatIndex": 23.22,
      "soilTemp": 23.19,
      "soilMoist": 26,
      "soilRaw": 2524,
      "light": 1341.75,
      "lightRaw": 571,
      "rssi": -46,
      "uptime": 2251,
      "timestamp": "15:09:21",
      "fullDate": "2025-12-09T15:09:21.566261"
    },
    {
      "airTemp": 23.6,
      "airHum": 46.4,
      "heatIndex": 23.23,
      "soilTemp": 23.19,
      "soilMoist": 26,
      "soilRaw": 2517,
      "light": 1373.51,
      "lightRaw": 563,
      "rssi": -46,
      "uptime": 2254,
      "timestamp": "15:09:25",
      "fullDate": "2025-12-09T15:09:25.288872"
    },
    {
      "airTemp": 23.6,
      "airHum": 46.4,
      "heatIndex": 23.23,
      "soilTemp": 23.12,
      "soilMoist": 27,
      "soilRaw": 2513,
      "light": 1789.21,
      "lightRaw": 479,
      "rssi": -46,
      "uptime": 2258,
      "timestamp": "15:09:30",
      "fullDate": "2025-12-09T15:09:30.507770"
    },
    {
      "airTemp": 23.6,
      "airHum": 47.2,
      "heatIndex": 23.25,
      "soilTemp": 23.12,
      "soilMoist": 26,
      "soilRaw": 2515,
      "light": 1777.19,
      "lightRaw": 481,
      "rssi": -46,
      "uptime": 2264,
      "timestamp": "15:09:34",
      "fullDate": "2025-12-09T15:09:34.716740"
    },
    {
      "airTemp": 23.6,
      "airHum": 47.4,
      "heatIndex": 23.25,
      "soilTemp": 23.12,
      "soilMoist": 26,
      "soilRaw": 2520,
      "light": 1285.1,
      "lightRaw": 586,
      "rssi": -49,
      "uptime": 2267,
      "timestamp": "15:09:38",
      "fullDate": "2025-12-09T15:09:38.411778"
    },
    {
      "airTemp": 23.6,
      "airHum": 46.6,
      "heatIndex": 23.23,
      "soilTemp": 23.12,
      "soilMoist": 26,
      "soilRaw": 2525,
      "light": 1361.47,
      "lightRaw": 566,
      "rssi": -46,
      "uptime": 2271,
      "timestamp": "15:09:42",
      "fullDate": "2025-12-09T15:09:42.154674"
    },
    {
      "airTemp": 23.7,
      "airHum": 46.3,
      "heatIndex": 23.33,
      "soilTemp": 23.12,
      "soilMoist": 26,
      "soilRaw": 2521,
      "light": 1795.27,
      "lightRaw": 478,
      "rssi": -47,
      "uptime": 2275,
      "timestamp": "15:09:46",
      "fullDate": "2025-12-09T15:09:46.491386"
    },
    {
      "airTemp": 23.7,
      "airHum": 46.4,
      "heatIndex": 23.34,
      "soilTemp": 23.12,
      "soilMoist": 26,
      "soilRaw": 2531,
      "light": 1674.33,
      "lightRaw": 499,
      "rssi": -45,
      "uptime": 2279,
      "timestamp": "15:09:49",
      "fullDate": "2025-12-09T15:09:49.862157"
    },
    {
      "airTemp": 23.8,
      "airHum": 46.5,
      "heatIndex": 23.45,
      "soilTemp": 23.06,
      "soilMoist": 26,
      "soilRaw": 2529,
      "light": 1747.66,
      "lightRaw": 486,
      "rssi": -55,
      "uptime": 2283,
      "timestamp": "15:09:54",
      "fullDate": "2025-12-09T15:09:54.007009"
    },
    {
      "airTemp": 23.9,
      "airHum": 46.5,
      "heatIndex": 23.56,
      "soilTemp": 23.12,
      "soilMoist": 26,
      "soilRaw": 2530,
      "light": 1819.82,
      "lightRaw": 474,
      "rssi": -45,
      "uptime": 2287,
      "timestamp": "15:09:58",
      "fullDate": "2025-12-09T15:09:58.195267"
    },
    {
      "airTemp": 23.9,
      "airHum": 46.5,
      "heatIndex": 23.56,
      "soilTemp": 23.12,
      "soilMoist": 26,
      "soilRaw": 2522,
      "light": 1517.32,
      "lightRaw": 530,
      "rssi": -47,
      "uptime": 2291,
      "timestamp": "15:10:02",
      "fullDate": "2025-12-09T15:10:02.606613"
    },
    {
      "airTemp": 24.0,
      "airHum": 46.3,
      "heatIndex": 23.66,
      "soilTemp": 23.06,
      "soilMoist": 26,
      "soilRaw": 2529,
      "light": 1545.91,
      "lightRaw": 524,
      "rssi": -56,
      "uptime": 2295,
      "timestamp": "15:10:06",
      "fullDate": "2025-12-09T15:10:06.546514"
    },
    {
      "airTemp": 24.0,
      "airHum": 45.7,
      "heatIndex": 23.65,
      "soilTemp": 23.06,
      "soilMoist": 26,
      "soilRaw": 2525,
      "light": 1883.51,
      "lightRaw": 464,
      "rssi": -46,
      "uptime": 2300,
      "timestamp": "15:10:10",
      "fullDate": "2025-12-09T15:10:10.962919"
    },
    {
      "airTemp": 24.1,
      "airHum": 45.4,
      "heatIndex": 23.75,
      "soilTemp": 23.06,
      "soilMoist": 26,
      "soilRaw": 2524,
      "light": 1636.78,
      "lightRaw": 506,
      "rssi": -46,
      "uptime": 2304,
      "timestamp": "15:10:15",
      "fullDate": "2025-12-09T15:10:15.357736"
    },
    {
      "airTemp": 24.2,
      "airHum": 45.2,
      "heatIndex": 23.86,
      "soilTemp": 23.06,
      "soilMoist": 25,
      "soilRaw": 2534,
      "light": 1385.71,
      "lightRaw": 560,
      "rssi": -45,
      "uptime": 2308,
      "timestamp": "15:10:18",
      "fullDate": "2025-12-09T15:10:18.983214"
    },
    {
      "airTemp": 24.3,
      "airHum": 45.3,
      "heatIndex": 23.97,
      "soilTemp": 23.06,
      "soilMoist": 25,
      "soilRaw": 2534,
      "light": 1489.52,
      "lightRaw": 536,
      "rssi": -45,
      "uptime": 2312,
      "timestamp": "15:10:22",
      "fullDate": "2025-12-09T15:10:22.489549"
    },
    {
      "airTemp": 24.3,
      "airHum": 45.2,
      "heatIndex": 23.97,
      "soilTemp": 23.06,
      "soilMoist": 26,
      "soilRaw": 2531,
      "light": 1494.1,
      "lightRaw": 535,
      "rssi": -54,
      "uptime": 2315,
      "timestamp": "15:10:26",
      "fullDate": "2025-12-09T15:10:26.316349"
    },
    {
      "airTemp": 24.4,
      "airHum": 45.2,
      "heatIndex": 24.08,
      "soilTemp": 23.06,
      "soilMoist": 25,
      "soilRaw": 2535,
      "light": 1724.59,
      "lightRaw": 490,
      "rssi": -45,
      "uptime": 2319,
      "timestamp": "15:10:30",
      "fullDate": "2025-12-09T15:10:30.439953"
    },
    {
      "airTemp": 24.4,
      "airHum": 45.3,
      "heatIndex": 24.08,
      "soilTemp": 23.06,
      "soilMoist": 25,
      "soilRaw": 2537,
      "light": 1851.25,
      "lightRaw": 469,
      "rssi": -46,
      "uptime": 2323,
      "timestamp": "15:10:34",
      "fullDate": "2025-12-09T15:10:34.155547"
    },
    {
      "airTemp": 24.5,
      "airHum": 45.7,
      "heatIndex": 24.2,
      "soilTemp": 23.12,
      "soilMoist": 25,
      "soilRaw": 2543,
      "light": 1431.89,
      "lightRaw": 549,
      "rssi": -45,
      "uptime": 2327,
      "timestamp": "15:10:37",
      "fullDate": "2025-12-09T15:10:37.580736"
    },
    {
      "airTemp": 24.6,
      "airHum": 46.0,
      "heatIndex": 24.32,
      "soilTemp": 23.06,
      "soilMoist": 25,
      "soilRaw": 2538,
      "light": 1385.71,
      "lightRaw": 560,
      "rssi": -52,
      "uptime": 2330,
      "timestamp": "15:10:41",
      "fullDate": "2025-12-09T15:10:41.477762"
    },
    {
      "airTemp": 24.6,
      "airHum": 45.9,
      "heatIndex": 24.31,
      "soilTemp": 23.0,
      "soilMoist": 25,
      "soilRaw": 2535,
      "light": 1398.08,
      "lightRaw": 557,
      "rssi": -46,
      "uptime": 2334,
      "timestamp": "15:10:45",
      "fullDate": "2025-12-09T15:10:45.668528"
    },
    {
      "airTemp": 24.7,
      "airHum": 45.9,
      "heatIndex": 24.42,
      "soilTemp": 23.06,
      "soilMoist": 25,
      "soilRaw": 2537,
      "light": 1890.07,
      "lightRaw": 463,
      "rssi": -45,
      "uptime": 2338,
      "timestamp": "15:10:49",
      "fullDate": "2025-12-09T15:10:49.078173"
    },
    {
      "airTemp": 24.7,
      "airHum": 45.9,
      "heatIndex": 24.42,
      "soilTemp": 23.06,
      "soilMoist": 25,
      "soilRaw": 2535,
      "light": 1864.05,
      "lightRaw": 467,
      "rssi": -54,
      "uptime": 2342,
      "timestamp": "15:10:52",
      "fullDate": "2025-12-09T15:10:52.736744"
    },
    {
      "airTemp": 24.7,
      "airHum": 45.9,
      "heatIndex": 24.42,
      "soilTemp": 23.06,
      "soilMoist": 25,
      "soilRaw": 2539,
      "light": 1741.85,
      "lightRaw": 487,
      "rssi": -58,
      "uptime": 2345,
      "timestamp": "15:10:56",
      "fullDate": "2025-12-09T15:10:56.856392"
    },
    {
      "airTemp": 24.8,
      "airHum": 45.8,
      "heatIndex": 24.53,
      "soilTemp": 23.06,
      "soilMoist": 25,
      "soilRaw": 2539,
      "light": 1844.9,
      "lightRaw": 470,
      "rssi": -60,
      "uptime": 2350,
      "timestamp": "15:11:00",
      "fullDate": "2025-12-09T15:11:00.554541"
    },
    {
      "airTemp": 24.9,
      "airHum": 46.4,
      "heatIndex": 24.66,
      "soilTemp": 23.06,
      "soilMoist": 26,
      "soilRaw": 2531,
      "light": 1440.53,
      "lightRaw": 547,
      "rssi": -64,
      "uptime": 2353,
      "timestamp": "15:11:04",
      "fullDate": "2025-12-09T15:11:04.011923"
    },
    {
      "airTemp": 24.9,
      "airHum": 47.7,
      "heatIndex": 24.69,
      "soilTemp": 23.06,
      "soilMoist": 25,
      "soilRaw": 2541,
      "light": 1503.32,
      "lightRaw": 533,
      "rssi": -60,
      "uptime": 2357,
      "timestamp": "15:11:07",
      "fullDate": "2025-12-09T15:11:07.692817"
    },
    {
      "airTemp": 24.9,
      "airHum": 47.8,
      "heatIndex": 24.69,
      "soilTemp": 23.06,
      "soilMoist": 25,
      "soilRaw": 2541,
      "light": 1402.24,
      "lightRaw": 556,
      "rssi": -51,
      "uptime": 2360,
      "timestamp": "15:11:11",
      "fullDate": "2025-12-09T15:11:11.444452"
    },
    {
      "airTemp": 24.9,
      "airHum": 48.3,
      "heatIndex": 24.71,
      "soilTemp": 23.06,
      "soilMoist": 25,
      "soilRaw": 2537,
      "light": 1851.25,
      "lightRaw": 469,
      "rssi": -58,
      "uptime": 2364,
      "timestamp": "15:11:15",
      "fullDate": "2025-12-09T15:11:15.128317"
    },
    {
      "airTemp": 24.9,
      "airHum": 47.9,
      "heatIndex": 24.7,
      "soilTemp": 23.06,
      "soilMoist": 26,
      "soilRaw": 2528,
      "light": 1406.42,
      "lightRaw": 555,
      "rssi": -61,
      "uptime": 2368,
      "timestamp": "15:11:18",
      "fullDate": "2025-12-09T15:11:18.813888"
    },
    {
      "airTemp": 24.9,
      "airHum": 48.0,
      "heatIndex": 24.7,
      "soilTemp": 23.06,
      "soilMoist": 26,
      "soilRaw": 2527,
      "light": 1326.28,
      "lightRaw": 575,
      "rssi": -53,
      "uptime": 2371,
      "timestamp": "15:11:22",
      "fullDate": "2025-12-09T15:11:22.237457"
    },
    {
      "airTemp": 24.9,
      "airHum": 46.9,
      "heatIndex": 24.67,
      "soilTemp": 23.06,
      "soilMoist": 24,
      "soilRaw": 2551,
      "light": 1590.35,
      "lightRaw": 515,
      "rssi": -58,
      "uptime": 2375,
      "timestamp": "15:11:25",
      "fullDate": "2025-12-09T15:11:25.963753"
    },
    {
      "airTemp": 24.9,
      "airHum": 46.3,
      "heatIndex": 24.65,
      "soilTemp": 23.06,
      "soilMoist": 26,
      "soilRaw": 2530,
      "light": 1696.39,
      "lightRaw": 495,
      "rssi": -58,
      "uptime": 2379,
      "timestamp": "15:11:32",
      "fullDate": "2025-12-09T15:11:32.079596"
    },
    {
      "airTemp": 25.0,
      "airHum": 45.8,
      "heatIndex": 24.75,
      "soilTemp": 23.06,
      "soilMoist": 25,
      "soilRaw": 2538,
      "light": 1373.51,
      "lightRaw": 563,
      "rssi": -53,
      "uptime": 2385,
      "timestamp": "15:11:35",
      "fullDate": "2025-12-09T15:11:35.773003"
    },
    {
      "airTemp": 25.0,
      "airHum": 45.7,
      "heatIndex": 24.75,
      "soilTemp": 23.0,
      "soilMoist": 25,
      "soilRaw": 2537,
      "light": 1771.22,
      "lightRaw": 482,
      "rssi": -55,
      "uptime": 2388,
      "timestamp": "15:11:39",
      "fullDate": "2025-12-09T15:11:39.434687"
    },
    {
      "airTemp": 23.4,
      "airHum": 48.1,
      "heatIndex": 23.05,
      "soilTemp": 22.69,
      "soilMoist": 27,
      "soilRaw": 2505,
      "light": 1707.58,
      "lightRaw": 493,
      "rssi": -62,
      "uptime": 3413,
      "timestamp": "15:28:49",
      "fullDate": "2025-12-09T15:28:49.866559"
    },
    {
      "airTemp": 23.6,
      "airHum": 38.6,
      "heatIndex": 23.02,
      "soilTemp": 22.69,
      "soilMoist": 27,
      "soilRaw": 2505,
      "light": 1690.83,
      "lightRaw": 496,
      "rssi": -58,
      "uptime": 3878,
      "timestamp": "15:36:30",
      "fullDate": "2025-12-09T15:36:30.283619"
    },
    {
      "airTemp": 23.5,
      "airHum": 39.1,
      "heatIndex": 22.93,
      "soilTemp": 22.69,
      "soilMoist": 27,
      "soilRaw": 2503,
      "light": 1801.36,
      "lightRaw": 477,
      "rssi": -61,
      "uptime": 3883,
      "timestamp": "15:36:34",
      "fullDate": "2025-12-09T15:36:34.062088"
    },
    {
      "airTemp": 23.4,
      "airHum": 39.0,
      "heatIndex": 22.81,
      "soilTemp": 22.69,
      "soilMoist": 28,
      "soilRaw": 2495,
      "light": 1707.58,
      "lightRaw": 493,
      "rssi": -61,
      "uptime": 3887,
      "timestamp": "15:36:38",
      "fullDate": "2025-12-09T15:36:38.029920"
    },
    {
      "airTemp": 23.4,
      "airHum": 38.9,
      "heatIndex": 22.81,
      "soilTemp": 22.62,
      "soilMoist": 27,
      "soilRaw": 2501,
      "light": 1652.71,
      "lightRaw": 503,
      "rssi": -62,
      "uptime": 3891,
      "timestamp": "15:36:42",
      "fullDate": "2025-12-09T15:36:42.030937"
    },
    {
      "airTemp": 23.3,
      "airHum": 38.6,
      "heatIndex": 22.69,
      "soilTemp": 22.69,
      "soilMoist": 27,
      "soilRaw": 2499,
      "light": 1373.51,
      "lightRaw": 563,
      "rssi": -59,
      "uptime": 3895,
      "timestamp": "15:36:46",
      "fullDate": "2025-12-09T15:36:46.048135"
    },
    {
      "airTemp": 23.3,
      "airHum": 38.7,
      "heatIndex": 22.7,
      "soilTemp": 22.62,
      "soilMoist": 27,
      "soilRaw": 2500,
      "light": 1864.05,
      "lightRaw": 467,
      "rssi": -59,
      "uptime": 3899,
      "timestamp": "15:36:49",
      "fullDate": "2025-12-09T15:36:49.884609"
    },
    {
      "airTemp": 23.2,
      "airHum": 39.3,
      "heatIndex": 22.6,
      "soilTemp": 22.62,
      "soilMoist": 27,
      "soilRaw": 2499,
      "light": 1507.97,
      "lightRaw": 532,
      "rssi": -60,
      "uptime": 3903,
      "timestamp": "15:36:53",
      "fullDate": "2025-12-09T15:36:53.572578"
    },
    {
      "airTemp": 23.2,
      "airHum": 39.8,
      "heatIndex": 22.61,
      "soilTemp": 22.62,
      "soilMoist": 27,
      "soilRaw": 2497,
      "light": 1322.46,
      "lightRaw": 576,
      "rssi": -61,
      "uptime": 3907,
      "timestamp": "15:36:57",
      "fullDate": "2025-12-09T15:36:57.468582"
    },
    {
      "airTemp": 23.1,
      "airHum": 40.4,
      "heatIndex": 22.52,
      "soilTemp": 22.62,
      "soilMoist": 27,
      "soilRaw": 2497,
      "light": 1406.42,
      "lightRaw": 555,
      "rssi": -59,
      "uptime": 3910,
      "timestamp": "15:37:01",
      "fullDate": "2025-12-09T15:37:01.197772"
    },
    {
      "airTemp": 23.1,
      "airHum": 40.8,
      "heatIndex": 22.53,
      "soilTemp": 22.62,
      "soilMoist": 27,
      "soilRaw": 2498,
      "light": 1389.82,
      "lightRaw": 559,
      "rssi": -62,
      "uptime": 3914,
      "timestamp": "15:37:05",
      "fullDate": "2025-12-09T15:37:05.247705"
    },
    {
      "airTemp": 23.1,
      "airHum": 41.3,
      "heatIndex": 22.54,
      "soilTemp": 22.62,
      "soilMoist": 27,
      "soilRaw": 2512,
      "light": 1414.83,
      "lightRaw": 553,
      "rssi": -62,
      "uptime": 3918,
      "timestamp": "15:37:09",
      "fullDate": "2025-12-09T15:37:09.425875"
    },
    {
      "airTemp": 23.1,
      "airHum": 41.4,
      "heatIndex": 22.55,
      "soilTemp": 22.62,
      "soilMoist": 28,
      "soilRaw": 2496,
      "light": 1777.19,
      "lightRaw": 481,
      "rssi": -58,
      "uptime": 3922,
      "timestamp": "15:37:13",
      "fullDate": "2025-12-09T15:37:13.062535"
    },
    {
      "airTemp": 23.1,
      "airHum": 41.2,
      "heatIndex": 22.54,
      "soilTemp": 22.62,
      "soilMoist": 27,
      "soilRaw": 2501,
      "light": 1541.09,
      "lightRaw": 525,
      "rssi": -59,
      "uptime": 3926,
      "timestamp": "15:37:16",
      "fullDate": "2025-12-09T15:37:16.917611"
    },
    {
      "airTemp": 23.2,
      "airHum": 41.1,
      "heatIndex": 22.65,
      "soilTemp": 22.56,
      "soilMoist": 27,
      "soilRaw": 2499,
      "light": 1759.38,
      "lightRaw": 484,
      "rssi": -60,
      "uptime": 3930,
      "timestamp": "15:37:21",
      "fullDate": "2025-12-09T15:37:21.538156"
    },
    {
      "airTemp": 23.2,
      "airHum": 41.2,
      "heatIndex": 22.65,
      "soilTemp": 22.62,
      "soilMoist": 27,
      "soilRaw": 2505,
      "light": 1685.3,
      "lightRaw": 497,
      "rssi": -61,
      "uptime": 3934,
      "timestamp": "15:37:25",
      "fullDate": "2025-12-09T15:37:25.105249"
    },
    {
      "airTemp": 23.3,
      "airHum": 41.0,
      "heatIndex": 22.76,
      "soilTemp": 22.62,
      "soilMoist": 27,
      "soilRaw": 2497,
      "light": 1783.18,
      "lightRaw": 480,
      "rssi": -54,
      "uptime": 3938,
      "timestamp": "15:37:29",
      "fullDate": "2025-12-09T15:37:29.314639"
    },
    {
      "airTemp": 23.4,
      "airHum": 41.0,
      "heatIndex": 22.87,
      "soilTemp": 22.56,
      "soilMoist": 27,
      "soilRaw": 2509,
      "light": 1398.08,
      "lightRaw": 557,
      "rssi": -58,
      "uptime": 3942,
      "timestamp": "15:37:33",
      "fullDate": "2025-12-09T15:37:33.423691"
    },
    {
      "airTemp": 23.4,
      "airHum": 40.7,
      "heatIndex": 22.86,
      "soilTemp": 22.56,
      "soilMoist": 27,
      "soilRaw": 2497,
      "light": 1389.82,
      "lightRaw": 559,
      "rssi": -56,
      "uptime": 3946,
      "timestamp": "15:37:37",
      "fullDate": "2025-12-09T15:37:37.187160"
    },
    {
      "airTemp": 23.5,
      "airHum": 40.8,
      "heatIndex": 22.97,
      "soilTemp": 22.56,
      "soilMoist": 27,
      "soilRaw": 2510,
      "light": 1801.36,
      "lightRaw": 477,
      "rssi": -63,
      "uptime": 3950,
      "timestamp": "15:37:40",
      "fullDate": "2025-12-09T15:37:40.876371"
    },
    {
      "airTemp": 23.5,
      "airHum": 40.8,
      "heatIndex": 22.97,
      "soilTemp": 22.56,
      "soilMoist": 27,
      "soilRaw": 2509,
      "light": 1512.63,
      "lightRaw": 531,
      "rssi": -60,
      "uptime": 3953,
      "timestamp": "15:37:44",
      "fullDate": "2025-12-09T15:37:44.555371"
    },
    {
      "airTemp": 23.6,
      "airHum": 41.2,
      "heatIndex": 23.09,
      "soilTemp": 22.56,
      "soilMoist": 27,
      "soilRaw": 2510,
      "light": 1489.52,
      "lightRaw": 536,
      "rssi": -59,
      "uptime": 3957,
      "timestamp": "15:37:48",
      "fullDate": "2025-12-09T15:37:48.481584"
    },
    {
      "airTemp": 23.7,
      "airHum": 41.3,
      "heatIndex": 23.2,
      "soilTemp": 22.56,
      "soilMoist": 27,
      "soilRaw": 2507,
      "light": 1503.32,
      "lightRaw": 533,
      "rssi": -60,
      "uptime": 3961,
      "timestamp": "15:37:52",
      "fullDate": "2025-12-09T15:37:52.572321"
    },
    {
      "airTemp": 23.8,
      "airHum": 41.4,
      "heatIndex": 23.32,
      "soilTemp": 22.56,
      "soilMoist": 27,
      "soilRaw": 2509,
      "light": 1458.06,
      "lightRaw": 543,
      "rssi": -66,
      "uptime": 3965,
      "timestamp": "15:37:56",
      "fullDate": "2025-12-09T15:37:56.227827"
    },
    {
      "airTemp": 23.8,
      "airHum": 41.5,
      "heatIndex": 23.32,
      "soilTemp": 22.56,
      "soilMoist": 27,
      "soilRaw": 2508,
      "light": 1685.3,
      "lightRaw": 497,
      "rssi": -56,
      "uptime": 3969,
      "timestamp": "15:37:59",
      "fullDate": "2025-12-09T15:37:59.968038"
    },
    {
      "airTemp": 23.9,
      "airHum": 41.5,
      "heatIndex": 23.43,
      "soilTemp": 22.56,
      "soilMoist": 27,
      "soilRaw": 2509,
      "light": 1801.36,
      "lightRaw": 477,
      "rssi": -53,
      "uptime": 3973,
      "timestamp": "15:38:03",
      "fullDate": "2025-12-09T15:38:03.667995"
    },
    {
      "airTemp": 23.9,
      "airHum": 41.2,
      "heatIndex": 23.42,
      "soilTemp": 22.56,
      "soilMoist": 27,
      "soilRaw": 2513,
      "light": 1636.78,
      "lightRaw": 506,
      "rssi": -57,
      "uptime": 3976,
      "timestamp": "15:38:07",
      "fullDate": "2025-12-09T15:38:07.490808"
    },
    {
      "airTemp": 24.0,
      "airHum": 41.4,
      "heatIndex": 23.54,
      "soilTemp": 22.56,
      "soilMoist": 27,
      "soilRaw": 2510,
      "light": 1615.89,
      "lightRaw": 510,
      "rssi": -65,
      "uptime": 3980,
      "timestamp": "15:38:11",
      "fullDate": "2025-12-09T15:38:11.604599"
    },
    {
      "airTemp": 24.1,
      "airHum": 41.2,
      "heatIndex": 23.64,
      "soilTemp": 22.56,
      "soilMoist": 27,
      "soilRaw": 2507,
      "light": 1621.08,
      "lightRaw": 509,
      "rssi": -58,
      "uptime": 3984,
      "timestamp": "15:38:14",
      "fullDate": "2025-12-09T15:38:14.893344"
    },
    {
      "airTemp": 24.1,
      "airHum": 41.5,
      "heatIndex": 23.65,
      "soilTemp": 22.56,
      "soilMoist": 27,
      "soilRaw": 2512,
      "light": 1718.89,
      "lightRaw": 491,
      "rssi": -56,
      "uptime": 3988,
      "timestamp": "15:38:18",
      "fullDate": "2025-12-09T15:38:18.586161"
    },
    {
      "airTemp": 24.1,
      "airHum": 41.3,
      "heatIndex": 23.64,
      "soilTemp": 22.5,
      "soilMoist": 27,
      "soilRaw": 2512,
      "light": 1690.83,
      "lightRaw": 496,
      "rssi": -59,
      "uptime": 3991,
      "timestamp": "15:38:22",
      "fullDate": "2025-12-09T15:38:22.549557"
    },
    {
      "airTemp": 24.2,
      "airHum": 41.1,
      "heatIndex": 23.75,
      "soilTemp": 22.5,
      "soilMoist": 27,
      "soilRaw": 2512,
      "light": 1724.59,
      "lightRaw": 490,
      "rssi": -54,
      "uptime": 3995,
      "timestamp": "15:38:25",
      "fullDate": "2025-12-09T15:38:25.945390"
    },
    {
      "airTemp": 24.3,
      "airHum": 41.0,
      "heatIndex": 23.86,
      "soilTemp": 22.56,
      "soilMoist": 27,
      "soilRaw": 2512,
      "light": 1318.65,
      "lightRaw": 577,
      "rssi": -53,
      "uptime": 3999,
      "timestamp": "15:38:29",
      "fullDate": "2025-12-09T15:38:29.643693"
    },
    {
      "airTemp": 24.3,
      "airHum": 41.2,
      "heatIndex": 23.86,
      "soilTemp": 22.56,
      "soilMoist": 26,
      "soilRaw": 2522,
      "light": 1462.49,
      "lightRaw": 542,
      "rssi": -61,
      "uptime": 4002,
      "timestamp": "15:38:33",
      "fullDate": "2025-12-09T15:38:33.318176"
    },
    {
      "airTemp": 24.4,
      "airHum": 41.0,
      "heatIndex": 23.97,
      "soilTemp": 22.5,
      "soilMoist": 26,
      "soilRaw": 2515,
      "light": 1844.9,
      "lightRaw": 470,
      "rssi": -61,
      "uptime": 4006,
      "timestamp": "15:38:36",
      "fullDate": "2025-12-09T15:38:36.984478"
    },
    {
      "airTemp": 24.4,
      "airHum": 41.0,
      "heatIndex": 23.97,
      "soilTemp": 22.56,
      "soilMoist": 27,
      "soilRaw": 2507,
      "light": 1883.51,
      "lightRaw": 464,
      "rssi": -53,
      "uptime": 4010,
      "timestamp": "15:38:41",
      "fullDate": "2025-12-09T15:38:41.078714"
    },
    {
      "airTemp": 24.5,
      "airHum": 40.7,
      "heatIndex": 24.07,
      "soilTemp": 22.56,
      "soilMoist": 27,
      "soilRaw": 2513,
      "light": 1832.29,
      "lightRaw": 472,
      "rssi": -54,
      "uptime": 4014,
      "timestamp": "15:38:44",
      "fullDate": "2025-12-09T15:38:44.769826"
    },
    {
      "airTemp": 24.6,
      "airHum": 40.8,
      "heatIndex": 24.18,
      "soilTemp": 22.5,
      "soilMoist": 27,
      "soilRaw": 2512,
      "light": 1690.83,
      "lightRaw": 496,
      "rssi": -55,
      "uptime": 4017,
      "timestamp": "15:38:48",
      "fullDate": "2025-12-09T15:38:48.850375"
    },
    {
      "airTemp": 24.6,
      "airHum": 40.9,
      "heatIndex": 24.18,
      "soilTemp": 22.56,
      "soilMoist": 27,
      "soilRaw": 2512,
      "light": 1701.97,
      "lightRaw": 494,
      "rssi": -53,
      "uptime": 4022,
      "timestamp": "15:38:53",
      "fullDate": "2025-12-09T15:38:53.192328"
    },
    {
      "airTemp": 24.7,
      "airHum": 40.8,
      "heatIndex": 24.29,
      "soilTemp": 22.5,
      "soilMoist": 27,
      "soilRaw": 2512,
      "light": 1369.48,
      "lightRaw": 564,
      "rssi": -56,
      "uptime": 4026,
      "timestamp": "15:38:56",
      "fullDate": "2025-12-09T15:38:56.885808"
    },
    {
      "airTemp": 24.7,
      "airHum": 40.8,
      "heatIndex": 24.29,
      "soilTemp": 22.5,
      "soilMoist": 27,
      "soilRaw": 2511,
      "light": 1668.89,
      "lightRaw": 500,
      "rssi": -55,
      "uptime": 4030,
      "timestamp": "15:39:00",
      "fullDate": "2025-12-09T15:39:00.536019"
    },
    {
      "airTemp": 24.8,
      "airHum": 40.6,
      "heatIndex": 24.4,
      "soilTemp": 22.5,
      "soilMoist": 27,
      "soilRaw": 2514,
      "light": 1393.94,
      "lightRaw": 558,
      "rssi": -56,
      "uptime": 4033,
      "timestamp": "15:39:04",
      "fullDate": "2025-12-09T15:39:04.490303"
    },
    {
      "airTemp": 24.8,
      "airHum": 40.6,
      "heatIndex": 24.4,
      "soilTemp": 22.5,
      "soilMoist": 27,
      "soilRaw": 2513,
      "light": 1674.33,
      "lightRaw": 499,
      "rssi": -55,
      "uptime": 4037,
      "timestamp": "15:39:14",
      "fullDate": "2025-12-09T15:39:14.822730"
    },
    {
      "airTemp": 25.0,
      "airHum": 40.5,
      "heatIndex": 24.61,
      "soilTemp": 22.5,
      "soilMoist": 26,
      "soilRaw": 2515,
      "light": 1605.6,
      "lightRaw": 512,
      "rssi": -61,
      "uptime": 4046,
      "timestamp": "15:39:16",
      "fullDate": "2025-12-09T15:39:16.647248"
    },
    {
      "airTemp": 25.0,
      "airHum": 40.4,
      "heatIndex": 24.61,
      "soilTemp": 22.56,
      "soilMoist": 26,
      "soilRaw": 2518,
      "light": 1765.29,
      "lightRaw": 483,
      "rssi": -57,
      "uptime": 4049,
      "timestamp": "15:39:21",
      "fullDate": "2025-12-09T15:39:21.037129"
    },
    {
      "airTemp": 25.0,
      "airHum": 40.2,
      "heatIndex": 24.6,
      "soilTemp": 22.5,
      "soilMoist": 27,
      "soilRaw": 2512,
      "light": 1789.21,
      "lightRaw": 479,
      "rssi": -55,
      "uptime": 4054,
      "timestamp": "15:39:24",
      "fullDate": "2025-12-09T15:39:24.804370"
    },
    {
      "airTemp": 25.1,
      "airHum": 40.2,
      "heatIndex": 24.71,
      "soilTemp": 22.5,
      "soilMoist": 27,
      "soilRaw": 2513,
      "light": 1801.36,
      "lightRaw": 477,
      "rssi": -62,
      "uptime": 4058,
      "timestamp": "15:39:29",
      "fullDate": "2025-12-09T15:39:29.000232"
    },
    {
      "airTemp": 25.1,
      "airHum": 40.2,
      "heatIndex": 24.71,
      "soilTemp": 22.5,
      "soilMoist": 27,
      "soilRaw": 2513,
      "light": 1832.29,
      "lightRaw": 472,
      "rssi": -57,
      "uptime": 4062,
      "timestamp": "15:39:32",
      "fullDate": "2025-12-09T15:39:32.795036"
    },
    {
      "airTemp": 25.3,
      "airHum": 40.1,
      "heatIndex": 24.93,
      "soilTemp": 22.5,
      "soilMoist": 27,
      "soilRaw": 2512,
      "light": 1345.66,
      "lightRaw": 570,
      "rssi": -57,
      "uptime": 4066,
      "timestamp": "15:39:37",
      "fullDate": "2025-12-09T15:39:37.218768"
    },
    {
      "airTemp": 25.3,
      "airHum": 40.2,
      "heatIndex": 24.93,
      "soilTemp": 22.5,
      "soilMoist": 26,
      "soilRaw": 2519,
      "light": 1626.29,
      "lightRaw": 508,
      "rssi": -54,
      "uptime": 4070,
      "timestamp": "15:39:41",
      "fullDate": "2025-12-09T15:39:41.604866"
    },
    {
      "airTemp": 25.3,
      "airHum": 40.1,
      "heatIndex": 24.93,
      "soilTemp": 22.56,
      "soilMoist": 26,
      "soilRaw": 2518,
      "light": 1349.58,
      "lightRaw": 569,
      "rssi": -60,
      "uptime": 4074,
      "timestamp": "15:39:45",
      "fullDate": "2025-12-09T15:39:45.119277"
    }
  ]
}